ds,yhat,yhat_lower,yhat_upper
2014-01-01,78.38826861679478,-8.17700179166078,163.04467989929572
2014-01-02,59.46503011803575,-26.582464024471918,146.721268315984
2014-01-03,68.40532005319184,-18.02870300199911,152.1080045106995
2014-01-04,117.6043110237562,34.0198659808829,202.38223728921167
2014-01-05,70.5436174456833,-12.898801119812486,158.10257805043264
2014-01-06,41.28669086264249,-36.472570426303996,127.23013754858529
2014-01-07,38.471972430734034,-42.86975415013193,124.97750113324985
2014-01-08,63.092361902147815,-16.609769534094696,148.6002470379212
2014-01-09,48.794592026588504,-39.34437907071876,129.5105039320363
2014-01-10,62.67674262055475,-19.83052932257911,149.68853809937482
2014-01-11,117.02241432317558,33.04581109504684,206.2768928706231
2014-01-12,75.19745915437548,-10.818735470202075,156.1890801068469
2014-01-13,51.14790193914992,-38.282656429670354,131.3818339007157
2014-01-14,53.39563598861635,-34.57388918507355,138.5571435438306
2014-01-15,82.8203969896773,1.3648264605713525,169.51968205413067
2014-01-16,72.96155009751854,-4.861283565509593,159.69260671945162
2014-01-18,148.58380870505232,67.59627441232122,223.94841796133596
2014-01-19,109.54803839247832,21.95339145981383,198.36460014161997
2014-01-20,87.59297766468703,4.617546311488004,171.71443298442296
2014-01-21,91.19174211978795,9.411486272006579,171.55627758853873
2014-01-22,121.19106610085946,36.71374617136208,206.5494144500612
2014-01-23,111.11369161926078,25.496487758133675,193.57668824602916
2014-01-24,127.95840150135993,49.70179098290449,209.30222858956495
2014-01-25,183.93616776964345,96.85209888082893,270.74028491155036
2014-01-26,142.3682756780959,60.94073268189536,227.2961554392679
2014-01-27,117.18503368412232,30.520604943847964,203.03146618431936
2014-01-28,116.9216422276255,28.563188635883233,201.90909600043915
2014-01-29,142.4997280318559,55.56926454269509,225.45543489804126
2014-01-30,127.52809472206457,44.1229237183126,213.27314325591
2014-01-31,139.1009010171711,51.96788944420803,224.35521932149666
2014-02-01,189.53177894598156,104.92291231735389,277.13689964609745
2014-02-02,142.24979702475852,62.232611482949174,231.04776100857046
2014-02-03,111.2959253200956,33.81694073352675,200.3741312058239
2014-02-04,105.31662293193654,23.582487978103455,189.25869867704728
2014-02-05,125.34310240387403,39.152646000178734,205.00497113305101
2014-02-06,105.08986865294064,24.737538398586338,184.48715107470852
2014-02-07,111.75078858808777,26.652558855745898,193.1624368313956
2014-02-08,157.7312459715174,73.18243360226461,240.6353737848236
2014-02-09,106.54232493981668,27.97867321671195,198.00469501756896
2014-02-12,81.81876933891738,-6.176750469545061,166.52465379033538
2014-02-13,60.408636523216884,-26.995576807145117,144.63635004584336
2014-02-14,66.67460809445747,-13.990701564878558,148.4608012943669
2014-02-15,113.02221269107174,27.553314160599015,200.23782974867132
2014-02-16,62.947812788983676,-18.962216341264448,145.98497867206274
2014-02-17,30.533958803603316,-56.219124978640785,111.21866292703515
2014-02-18,24.442396959294943,-60.87704544777037,110.78085694803423
2014-02-19,45.69329058077335,-43.988299170664135,123.38548289093029
2014-02-20,27.964246652851827,-53.91899155850403,112.2277745998382
2014-02-21,38.38738741365144,-45.83285327826125,122.2371484908321
2014-02-22,89.28299499724346,12.491738475934401,168.71811610497429
2014-02-23,44.055636562000885,-41.22836786982867,137.85965368244626
2014-02-24,16.69141638803697,-67.3814051344752,104.48687715744491
2014-02-25,15.75295254975352,-72.85370892598564,101.33755267776215
2014-02-26,42.16059780531204,-35.43482388877138,128.19730205774124
2014-02-27,29.493456460542216,-52.13215923391314,112.40570165612179
2014-02-28,44.788397597803176,-30.98820832563426,130.31757556527492
2014-03-01,100.27555476973393,13.22743220663658,172.63614558340765
2014-03-02,59.27618385650969,-25.690042981335854,140.04916633005274
2014-03-03,35.701492657554624,-45.01389893648087,121.18279554867858
2014-03-05,67.1849908521176,-13.148958812143073,146.0439343528183
2014-03-06,56.64638087418486,-28.828750530831723,134.37651115983212
2014-03-07,73.4405362081761,-13.973067002904543,158.6595177818334
2014-03-08,129.7811657317394,44.95972509491147,220.96313864370921
2014-03-09,88.98636732675122,1.880320064282492,172.0799016331755
2014-03-10,64.97736928432107,-20.37685269626206,142.77312461541754
2014-03-11,66.27454889990972,-21.866858037489205,151.92310169853334
2014-03-12,93.77923161461385,14.040201145349991,181.03784444847756
2014-03-13,81.07481528811458,-6.804175045363441,163.9547064406718
2014-03-14,95.22542208678823,11.647954919445054,175.8155974610913
2014-03-16,104.32182095066598,22.630760400185544,190.73079928464614
2014-03-17,76.65985192878898,-7.89246981066753,167.65493828566164
2014-03-18,74.1288794948596,-13.459454870001366,157.73929246953628
2014-03-19,97.7166490245862,13.437574135019922,183.02563697433894
2014-03-20,81.09376431350148,-0.6940740638774695,163.27524229213617
2014-03-21,91.41053091302804,8.275655798757143,168.98573610684434
2014-03-22,141.02985989423445,60.90766956519985,221.99292569210135
2014-03-23,93.42215914244206,15.3502767271216,177.2522925367319
2014-03-24,62.660888157845484,-27.213467515456447,147.81552827587865
2014-03-25,57.415412630735005,-29.430354086304543,135.4393927286945
2014-03-26,78.72972542994694,-3.1724951610323093,163.208819071152
2014-03-27,60.32064009695057,-24.472671200505967,134.57717156451397
2014-03-28,69.37371777389355,-12.055479815308749,152.8815146197011
2014-03-29,118.27548316455487,34.06237783411757,197.7986880991596
2014-03-30,70.50787033294006,-13.723995927647186,153.87303758261575
2014-03-31,40.14358322788921,-45.9294146805699,119.79777111579067
2014-04-01,35.83901113693196,-49.751995500388425,119.36333588365007
2014-04-02,58.61326455509373,-24.675600486011923,139.1642513732744
2014-04-03,42.14693132785604,-40.46211314379208,123.18397829597558
2014-04-04,53.57880277193868,-28.378751021334796,142.92780282324318
2014-04-05,105.2391093432925,10.291209309755557,189.61267476290632
2014-04-06,60.545186118635,-20.15239790604913,144.39807501411627
2014-04-07,33.49822828978752,-53.66927078195807,116.8685371420562
2014-04-08,32.677748536267146,-49.01085443616307,117.51215342452188
2014-04-09,59.022270221138,-18.012495777058177,148.45556127575549
2014-04-10,46.12982227719444,-31.8971489693122,130.45474062138635
2014-04-11,61.05644956777395,-20.088290763437122,142.1767696505805
2014-04-12,116.05124124024563,29.313667978412173,199.04964617182426
2014-04-13,74.453759872092,-3.2245099607395677,160.02851687798199
2014-04-14,50.19249449707593,-28.45223360065095,131.683908681993
2014-04-15,51.780913357175265,-31.995819416403798,132.91185771726046
2014-04-16,80.09961623574239,-4.375578712593577,163.5632170125212
2014-04-17,68.69812066875495,-16.680543297946535,149.45183549014982
2014-04-18,84.59446758561259,-5.944226209702819,167.13924159409447
2014-04-19,140.01112454924208,61.74183817814773,222.30960349565692
2014-04-20,98.27304950521946,17.625336273328493,185.61187907889155
2014-04-21,73.3065231681584,-12.499356433652023,160.68980835859946
2014-04-22,73.63531622424274,-14.120790179911255,159.30223649420316
2014-04-23,100.16268710267042,17.244948550924665,181.6125202246951
2014-04-24,86.4727462165034,-5.379788710555298,172.376309195251
2014-04-25,99.62937957245126,13.601371004321628,182.3788551507683
2014-04-26,151.91122290947627,72.22334172898277,237.89376212083653
2014-04-27,106.70856770066966,19.836797922943035,192.57931294184777
2014-04-28,78.02083065908256,-5.278060260350958,162.64167407260422
2014-04-29,74.45118108338318,-13.057747922320754,158.03991746068724
2014-04-30,96.98685402470252,10.822515722219894,175.34930627125368
2014-05-01,79.29872082945451,-0.35014213283038387,161.14721170572895
2014-05-02,88.53834827970142,6.439229355882119,174.4902743967075
2014-05-03,137.0710776793428,53.21964964707047,222.09438911500166
2014-05-04,88.3710464017628,7.7520991200833445,176.01181899983928
2014-05-05,56.51682481271119,-21.119376923252982,138.11115907368526
2014-05-06,50.184303361281664,-33.570623272715316,139.43650189510814
2014-05-07,70.42539695646887,-14.104149013146404,143.06762286990477
2014-05-08,50.96617223391739,-32.32099484894627,136.84374112078675
2014-05-09,59.002665729522974,-30.614312464927817,144.96882504365934
2014-05-10,106.93294863693569,23.465581722049517,185.8980961872427
2014-05-11,58.25138628845011,-27.95769738832893,140.779326209612
2014-05-12,27.043782957946544,-54.18784664222234,122.1571528454557
2014-05-13,21.980058936599033,-65.85332067674403,114.36667646129614
2014-05-14,44.09303249964901,-40.693460288244744,123.7278757459718
2014-05-15,27.076913891642615,-54.319765144069336,120.92404857141372
2014-05-16,38.08376820189363,-52.08269457773832,125.20554045790534
2014-05-17,89.45649353272071,11.361348018334724,173.82908268355115
2014-05-18,44.62424102540378,-42.481774506455814,124.98409852985874
2014-05-19,17.598942520836314,-62.21402149107823,96.5550172931196
2014-05-20,16.96956240447471,-67.33077918884496,102.39892875297016
2014-05-21,43.68261134284732,-34.87727180671882,134.68640865046703
2014-05-22,31.342490400079352,-57.46694756671491,113.18755650031774
2014-05-23,47.00988091420306,-39.38284467787243,131.5859954702116
2014-05-24,102.93668314246958,10.839297926605257,187.34029752875807
2014-05-25,62.46338593949472,-22.953110678817158,151.26837284333075
2014-05-26,39.51748907599146,-34.84105345600025,122.50373347826674
2014-05-27,42.609551747055264,-39.93101114300216,125.76549942905135
2014-05-28,72.61536415134748,-16.06103591295998,157.9666348637447
2014-05-29,63.077772965331114,-22.023381702615115,148.42714740273996
2014-05-30,81.00634248042121,3.364052400282599,167.16404956582633
2014-05-31,138.61332566919125,54.51583987996873,221.37826038702204
2014-06-01,99.21180426629813,15.26527027398744,187.51299302111582
2014-06-02,76.71460243813442,-3.158174202401325,163.63425904828267
2014-06-03,79.63053710343766,-3.847999778094192,164.9243396621877
2014-06-04,108.84649813869216,28.597314380418165,195.42862938250929
2014-06-05,97.92889256889254,9.879785856135964,184.36297604192413
2014-06-06,113.92264514116317,28.407764804471302,199.92510754907445
2014-06-07,169.08624387484835,87.25720073481122,249.6378783853612
2014-06-08,126.78871757146597,43.40898561852868,207.92463321197553
2014-06-09,101.00717365498177,18.733068814931283,181.1921435094729
2014-06-10,100.32149552964307,9.616114431145693,187.88500399165252
2014-06-11,125.69473005183612,41.09972692336961,213.2401663281818
2014-06-12,110.77274031271233,30.112486442724602,196.42616235007893
2014-06-13,122.68135898445439,40.870292097983175,209.829838687879
2014-06-14,173.75957778558677,87.59567317983199,255.335473449759
2014-06-15,127.45469975798456,52.62008681389562,213.2941665436054
2014-06-16,97.81813119811758,13.615182521132848,175.57507935493737
2014-06-17,93.49845146892577,8.768051040357653,178.6588994178856
2014-06-18,115.52033014006639,34.49308717311152,195.03241541350556
2014-06-19,97.58290094777156,10.203580081996016,184.71562506984642
2014-06-20,106.85585720133658,25.88935206484654,188.7094286321828
2014-06-21,155.711827924817,67.85628547551465,240.0521662271921
2014-06-22,107.62097893878061,23.70900798938572,194.67388161426666
2014-06-23,76.6465265875477,-12.431246545791778,155.61619765470465
2014-06-24,71.43780629916422,-14.255484258889938,153.8136252703611
2014-06-25,93.00946240552837,11.015429148438162,174.17608028503935
2014-06-26,75.04035881074626,-7.567235132515139,156.27799127068755
2014-06-27,84.67045861839875,1.3124010742725516,172.80986426547776
2014-06-28,134.23420933505034,45.67012047681714,211.58164198907792
2014-06-29,87.15634960861634,5.115580596005483,168.49616583425484
2014-06-30,57.44879215341873,-23.641256584139963,141.83054160428395
2014-07-01,53.705188040397424,-34.22645217292375,130.38638484761978
2014-07-02,76.88169879531603,-13.474256638379552,160.60113679956544
2014-07-03,60.597533969969454,-18.051642794535464,149.49652410320783
2014-07-04,71.93345954163047,-16.763105667261677,154.6716231606703
2014-07-05,123.16677126886722,45.09448194950786,201.34135343028993
2014-07-06,77.69278198536003,-7.51264485700717,164.04041211844498
2014-07-07,49.45056822293743,-33.30926992395253,129.724373576036
2014-07-08,46.9912873461855,-37.87619162996618,129.7665789472166
2014-07-09,71.23581959259963,-12.799992214602277,152.23417138117566
2014-07-10,55.77613759357139,-25.915281875650486,141.41455589530182
2014-07-11,67.67441472750997,-12.80811023601462,150.47435894365648
2014-07-12,119.19835285438188,35.8746314119808,203.18069589316784
2014-07-13,73.71859735753529,-15.575705300653626,158.99383838340088
2014-07-14,45.20685533662038,-41.96932221704845,134.79566838296748
2014-07-15,42.23129355801041,-45.91112955802394,122.8004668614396
2014-07-16,65.73772493680097,-16.676283175852344,152.99047406057565
2014-07-17,49.35013489203674,-27.54759707536482,130.9502111666981
2014-07-18,60.16875803498925,-26.03163394017907,152.5231277416321
2014-07-19,110.50421567601089,28.872436681124597,194.02627250035937
2014-07-20,63.773616107950815,-23.126948745203514,147.06241438530182
2014-07-21,33.99727073039526,-45.61177411285878,118.9198453068784
2014-07-22,29.79264197990641,-55.69537648602384,113.14998409521263
2014-07-23,52.154072287663894,-31.625315633272816,139.04186687054047
2014-07-24,34.751885820624395,-48.356601418708394,117.11217494651062
2014-07-25,44.72911276094978,-40.210993452566704,135.68906191727552
2014-07-26,94.43438370585177,7.809797338466577,172.55815770842915
2014-07-27,47.31693005235841,-36.51369369984153,135.89011370703724
2014-07-28,17.42237321479542,-65.9051644396225,104.11137075395092
2014-07-29,13.385943514047018,-72.89306935718892,97.87425734628998
2014-07-30,36.21169724702087,-50.54189966258462,127.87947727406714
2014-07-31,19.5713368840205,-62.03776761695265,102.7563661233793
2014-08-01,30.600890897461205,-49.35551701030286,110.22832190186438
2014-08-02,81.633800946554,-3.8471189493211675,163.76597625355643
2014-08-03,36.09634582859441,-45.23017129820662,122.76010090455269
2014-08-04,8.061493982296147,-72.35367357664545,90.64005129972385
2014-08-05,6.070697541293329,-76.73543350264144,95.4409838451434
2014-08-06,31.086390002101325,-48.048659820696116,120.57942660298112
2014-08-07,16.734545356416675,-62.50907231796979,106.21038985201375
2014-08-08,30.102631004428606,-52.92376464027031,115.24608635940466
2014-08-09,83.47404418086774,0.600447324656399,166.54309329843574
2014-08-10,40.2249230672149,-43.827251974784495,130.1025184499611
2014-08-11,14.32196338530485,-67.08029301780225,97.25090053747746
2014-08-12,14.317823360165706,-67.84679079946484,97.77367740486116
2014-08-13,41.132623344275956,-43.33896159009029,123.41025750702309
2014-08-14,28.355080314372167,-58.626449372955065,110.49137726146853
2014-08-15,43.04146830419834,-48.569867730927534,129.0676322278946
2014-08-16,97.45088818255252,14.462709811370377,183.720457735415
2014-08-17,54.942714804563934,-21.94014886792486,146.86148007921486
2014-08-18,29.474834790646003,-58.22729909203827,117.29171696699629
2014-08-19,29.599246388182706,-54.121454663277056,118.24782012968983
2014-08-20,56.24352269434287,-33.981290775391116,137.6078317248191
2014-08-21,43.011680001291985,-39.209329341915996,133.54998827800583
2014-08-22,56.98265039416964,-17.999498410122275,137.77648308349745
2014-08-23,110.44485637606154,25.718252019715507,194.48436003773855
2014-08-24,66.79277579452672,-16.03141864820387,152.48776184902758
2014-08-26,38.734338125371465,-45.49100348203617,117.85616896139331
2014-08-27,63.89664888519388,-22.789318188443403,142.84582531221324
2014-08-28,49.16173468901275,-30.611168440253913,133.2308589565093
2014-08-29,61.654779336279645,-22.225221756241467,143.00529508976956
2014-08-30,113.70871998037822,26.966830811858266,202.72369309589885
2014-08-31,68.75952904996034,-12.826862756912213,153.97191874302493
2014-09-01,40.8422179679071,-41.09763580440639,121.77924039860133
2014-09-02,38.584198809378364,-51.18075309556246,113.9905487864742
2014-09-03,62.98457000499296,-19.690452519969348,140.19034381757368
2014-09-04,47.72630768111365,-36.124194718062796,133.25163347713345
2014-09-05,59.932737902078195,-26.873213831484602,144.16063603530912
2014-09-06,111.94060897767848,30.24122740330067,193.35589283871533
2014-09-07,67.18193275268399,-16.607510901812617,157.14855220306242
2014-09-08,39.68015665488456,-44.4147526721619,122.42422562277629
2014-09-09,38.043921562055445,-46.148183151592555,121.15310360877469
2014-09-10,63.24696060877708,-21.323692847506173,141.82590633632412
2014-09-11,48.927726502305454,-37.337755993583954,131.76312345674572
2014-09-12,62.18698291766431,-19.69872281096048,147.29224115657516
2014-09-13,115.32188372697298,30.200716796663492,199.73711734379626
2014-09-14,71.72244308506467,-13.36587925179809,158.44302191364687
2014-09-15,45.369038243048436,-34.95464661336937,134.76570267570435
2014-09-16,44.82753790883781,-38.741609820624014,126.70362122391288
2014-09-17,71.0305709186422,-11.073079138230666,152.89044211587816
2014-09-18,57.5784821420046,-28.879863528120968,138.82957550937263
2014-09-19,71.53817142737097,-9.259590976418432,158.6772473228517
2014-09-20,125.17830159105009,36.96745790391555,209.1211735737286
2014-09-21,81.86674383632716,1.758274414465529,166.87810676165483
2014-09-22,55.56887195210156,-29.173838603952206,132.63183433016434
2014-09-23,54.84327262340413,-27.164779128336118,141.65391883695276
2014-09-24,80.6233669152654,-5.9886122181001165,165.34027495360957
2014-09-25,66.5184765681414,-11.083666856944504,146.1328741503562
2014-09-26,79.61252446160589,-9.183205585374981,162.78017283717728
2014-09-27,132.19885590348196,46.35899438063314,214.93630514001282
2014-09-28,87.67705692276394,8.158159297804092,171.79784372170676
2014-09-29,60.05039571550871,-23.35421554478089,141.98637095821232
2014-09-30,57.92047602680664,-26.312300074217852,139.71017074855703
2014-10-01,82.26762511131395,-3.438188976404696,164.06806350421326
2014-10-02,66.75058290493752,-15.41622777918327,146.67397562501435
2014-10-03,78.5037193155861,-8.512801185188621,163.59688888676158
2014-10-04,129.87612083082485,50.29477359343197,216.0025883822174
2014-10-05,84.30939897965605,0.7651917514320665,169.69623153009883
2014-10-06,55.85102599858175,-34.33384826674247,135.45024884056212
2014-10-07,53.14169693773531,-31.656360695104496,138.69383699089434
2014-10-08,77.19435167402001,-9.499753539309395,165.78911292625693
2014-10-09,61.69265121033271,-17.32702416552202,144.37759990017383
2014-10-10,73.78717275068746,-5.155296084857221,158.26326559768546
2014-10-11,125.82788419716707,44.03919482449027,213.83379379077422
2014-10-12,81.25884503130811,-5.161143740209531,163.85847844691804
2014-10-13,54.11382529243667,-32.79209937332826,146.86821384127168
2014-10-14,53.00948990145456,-29.72424785558816,124.68975948246535
2014-10-15,78.9247206215264,-7.179181444739821,159.3387237807768
2014-10-16,65.49968163534588,-12.831196351826941,148.9935023079571
2014-10-17,79.83288346549564,-7.851672029732722,162.26661888960808
2014-10-18,134.21478836389093,48.2024812632509,212.42208603358065
2014-10-19,92.02387921257143,1.864948512132555,168.05491351165773
2014-10-20,67.2238519118135,-17.53848257844836,148.67113371871477
2014-10-21,68.35854069801289,-14.387902365192623,151.18007559235159
2014-10-22,96.3331057411734,15.633575124348132,178.04403491315486
2014-10-23,84.71504200559889,-4.7222618611236085,164.48023611911242
2014-10-24,100.53321423347954,17.585497644613046,188.6285441631807
2014-10-25,156.0134097322879,71.14296491106069,241.3939277098348
2014-10-26,114.47627931770836,25.28983140178779,199.19163034386432
2014-10-27,89.83627580974871,4.590008375168679,176.42402747724523
2014-10-28,90.5981514026173,7.261347685632875,172.29599940794876
2014-10-29,117.63949888096269,35.082283034316426,199.374521459342
2014-10-30,104.51285623755734,14.618298280000618,188.6526285981896
2014-10-31,118.24554616149446,36.49315277666332,207.3901528123828
2014-11-01,171.07571565957167,86.5068582990439,253.85717502492662
2014-11-02,126.35042749256851,44.40274771690329,211.3913690457451
2014-11-03,98.0650730012027,11.126080803800363,175.98828845081215
2014-11-04,94.73731326068534,16.215223014143966,179.8243085447009
2014-11-05,117.3107460772808,30.039321977185125,194.66906868131517
2014-11-06,99.4151288475067,13.525372154408558,181.83499434011358
2014-11-07,108.16470574716696,21.376524138357507,185.82713957845343
2014-11-08,155.89246616532424,67.47782879087957,241.73763195336358
2014-11-09,106.04622542033755,25.121820468120415,193.86628721908744
2014-11-10,72.68517238771423,-18.449058095461904,156.45637101926798
2014-11-11,64.47349443218548,-20.404326595679898,145.66894810850417
2014-11-12,82.45962642729188,-2.139561098230821,167.17351342365032
2014-11-13,60.37471655949144,-17.59293629642135,142.34542066204008
2014-11-14,65.42856313618107,-11.61748771037398,150.70811907652472
2014-11-15,110.04157804693124,28.362891820644446,190.82956275197733
2014-11-16,57.73872439757565,-24.157669771189934,141.24062562433116
2014-11-17,22.64412630877188,-61.064552173618296,107.45131212012956
2014-11-18,13.473010160039879,-75.23192306918547,95.43054813225002
2014-11-19,31.309567250741484,-50.34260530275368,119.67401422487765
2014-11-20,9.904366952111856,-77.30054307714771,91.61033943554236
2014-11-21,16.469603199675753,-63.42731568279659,94.43081909084722
2014-11-22,63.410750115434006,-21.457781525678435,140.32665886429552
2014-11-23,14.22058537751681,-75.72132957982798,91.30140263449094
2014-11-24,-17.02571892664543,-111.12083832131762,67.41302763940998
2014-11-25,-21.6777863858364,-107.662216588881,69.81560913576922
2014-11-26,1.2690656775348632,-78.74479303277023,85.91206451703232
2014-11-27,-14.52717669077614,-96.41373794319007,61.30118580141506
2014-11-28,-1.9580832434851505,-81.96763602987033,80.65707994467628
2014-11-29,51.26903899405023,-39.02817326692443,132.44624401323009
2014-11-30,8.527552177012902,-76.74748160579406,92.74659708210979
2014-12-01,-16.230872051670367,-103.35287639250507,65.38385426107463
2014-12-02,-14.480784761540988,-98.31618947573696,65.0851002259897
2014-12-03,14.693548641222833,-69.92220345919631,97.86672112351214
2014-12-04,4.795734322431063,-82.57980449810537,88.59895018233209
2014-12-05,22.821108474273515,-58.15136587732031,109.34534803081087
2014-12-06,80.95833373773858,-1.3678644225271421,165.0482207362216
2014-12-07,42.488090814996895,-37.70984475295815,119.97793588066651
2014-12-08,21.28275762460339,-65.06991494351766,108.72752505999537
2014-12-09,25.803622561601017,-56.61566613949183,112.01571868489567
2014-12-10,56.88410382371554,-26.425715258066337,143.27958387619586
2014-12-11,48.032483343945074,-34.45632877739825,134.39514153105114
2014-12-12,66.23231794942299,-15.001079756821603,155.16108065575418
2014-12-13,123.6789864261851,40.20713141588753,211.0218350286511
2014-12-14,83.67821987777965,3.046440282380106,176.93230373990497
2014-12-15,60.145212366649176,-35.00460779193332,147.99618423027084
2014-12-16,61.60087156932362,-18.486627115583072,152.7438555210439
2014-12-17,88.95370361252961,1.1703966118900424,176.54842711062776
2014-12-18,75.8008713130885,-6.936691775739208,160.97803840222005
2014-12-19,89.22662686766775,-1.0503273447743362,171.14115749753876
2014-12-20,141.5366229030322,56.42763342212032,223.55143356229527
2014-12-21,96.15400023966951,11.763863283021971,175.9290919323086
2014-12-22,67.1159048465103,-20.419542936653638,151.13588554810093
2014-12-23,63.067052417052054,-20.64589164516219,140.4445083446945
2014-12-24,85.03889527620812,3.3829581727365836,172.7337582934885
2014-12-25,66.74799182156036,-14.11605059862032,154.3900650262272
2014-12-26,75.3918395440475,-6.338008810937914,161.00295915420702
2014-12-27,123.38073320274387,37.6673082574282,204.61357514622577
2014-12-28,74.23160051024983,-12.16056788812765,162.00261684685694
2014-12-29,42.06251695125349,-34.477456950784934,123.93385344055456
2014-12-30,35.584561357194815,-44.491691019857754,118.94876366324483
2014-12-31,55.87960325062164,-29.00619207928809,138.81201731593947
2015-01-01,36.69765080468004,-47.6346060673918,119.19850728772568
2015-01-02,45.267652474349916,-44.2652051493456,129.03315251889552
2015-01-03,93.98226756350965,8.31536455213501,180.28357707373317
2015-01-04,46.33867715961879,-36.0160002479304,130.48783171370783
2015-01-05,16.418015049515155,-72.3225613227036,104.3090850507452
2015-01-06,12.878123850116665,-72.28779108157396,95.03671805762188
2015-01-07,36.732593125798886,-50.79103288854806,115.47633471614662
2015-01-08,21.64967812445341,-66.07718391517014,106.87281047440908
2015-01-09,34.74934355249121,-49.586357529759916,117.92443222131065
2015-01-10,88.33696277690292,6.235285890060053,170.64335539518606
2015-01-11,45.79957992958245,-38.30784982325956,122.06868690962557
2015-01-12,21.10337907977103,-61.58697320114284,106.96073071467954
2015-01-13,22.788953496292116,-64.31376026099385,110.16394033856017
2015-01-14,51.75288791251767,-35.60549042553495,141.4917504158231
2015-01-15,41.54919687361391,-46.747936133516966,131.70718973659143
2015-01-16,59.18880918651378,-20.667400496511263,139.27899065462935
2015-01-17,116.8755768054546,34.10009615587056,200.83848256515535
2015-01-18,77.90466702263357,-9.720062602416684,163.72405648784132
2015-01-19,56.161938010658325,-22.793565102006365,144.82431346408447
2015-01-20,60.12085200411211,-20.713950220493796,142.74145480507977
2015-01-21,90.6254064533361,9.72660209289577,172.65925126506303
2015-01-22,81.19260043881816,-0.9811916704888574,164.50375693596337
2015-01-23,98.81260781515934,8.8082592083573,173.8652467107065
2015-01-24,155.6851244092381,66.44646381903738,237.05999918185358
2015-01-25,115.11774479588895,32.751508146289424,199.36690768767534
2015-01-26,91.02497297667944,10.941371016654148,178.84070246668114
2015-01-27,91.92443293022973,11.249038419668139,181.99015020214156
2015-01-28,118.71877809389161,32.755067350259374,195.17255145737388
2015-01-29,104.9968423157855,25.397493143597636,193.0031641561263
2015-01-30,117.83223487547387,37.47324198795808,206.8078534131574
2015-01-31,169.51788314704655,75.13856236156956,250.1681941891559
2015-02-01,123.46414471778606,36.00974703891868,212.74266288133418
2015-02-02,93.69050825251976,2.650896866180845,172.7919149852441
2015-02-03,88.824753019966,9.640747855440027,179.17271588173816
2015-02-04,109.88085591253945,31.506515172229363,200.4101369569036
2015-02-05,90.55786521340343,8.281819509799286,168.53880275945434
2015-02-06,98.0362650769804,11.671893688629002,182.12837530061861
2015-02-07,144.71037976800804,58.2240529101146,226.46025602274892
2015-02-08,94.08275658372553,12.965346992542184,180.4735533963587
2015-02-09,60.25921508015789,-29.673214930747406,136.10235156082797
2015-02-10,51.9412100349527,-31.217771952693447,137.26726244963197
2015-02-11,70.20408515661353,-14.061245443145893,155.5962767448578
2015-02-12,48.79483296800893,-35.32283555762931,137.6419429856054
2015-02-13,54.92762985678327,-28.455414529922702,142.15378406244662
2015-02-14,101.0157085021493,16.178284656655606,179.9280407874218
2015-02-15,50.56551352379522,-33.43917350116551,134.24908423294139
2015-02-16,17.671828616803115,-70.48315971043128,101.46982578505879
2015-02-17,11.010517071188257,-72.08940009521535,94.24468110185222
2015-02-18,31.61744119482963,-63.58909691820962,115.66030381471428
2015-02-19,13.1871589551961,-67.75074659772781,97.47881064795132
2015-02-20,22.86964453114945,-64.31351380671126,112.57380191203882
2015-02-21,73.00356804450718,-8.907104719576658,161.687698377234
2015-02-22,27.012049328370296,-59.29391178798356,111.03861476241963
2015-02-23,-1.100460336867494,-81.56924179890437,79.12823515575603
2015-02-24,-2.753563581639564,-86.24019562475803,81.27721848283915
2015-02-25,22.989957309178155,-60.53804823062636,104.14000485442132
2015-02-26,9.724832705153723,-70.78351748597268,89.69713349055225
2015-02-27,24.502022543418907,-59.74693381233449,103.9404507488111
2015-02-28,79.56395348564985,-4.105940909156503,161.85002823114945
2015-03-01,38.242152832341326,-40.239941174519274,124.85970370993132
2015-03-02,14.45589677352115,-67.27128216890029,98.50024019844052
2015-03-03,16.708469724742883,-60.57665252381114,100.66021792916479
2015-03-04,45.86940364750371,-38.84721632990765,132.08829373118462
2015-03-05,35.47648405118352,-52.13389419702262,117.26168552098848
2015-03-06,52.53545210744127,-34.431101711486676,136.2826067754431
2015-03-07,109.25600829004973,26.666817857421783,197.6558497331601
2015-03-08,68.94995586641858,-11.41542612664543,159.37747413086575
2015-03-09,45.530094224463916,-39.43451760352477,129.08038000895135
2015-03-10,47.506430920298655,-35.85369451037409,130.4561822697834
2015-03-11,75.7682115704917,-14.248172148691458,156.80855087378094
2015-03-12,63.88530736492475,-17.761771185795293,147.30055019772487
2015-03-13,78.90715726430476,-9.362843317896013,163.1217401459389
2015-03-14,133.09776030476695,46.98814703976565,219.02742370852675
2015-03-15,89.83260348606589,4.0785212992612285,169.29085804797955
2015-03-16,63.0961607203333,-21.818521868596733,150.76502011458592
2015-03-17,61.47656051217461,-20.27796752601438,144.6448516964809
2015-03-18,85.94595303904514,6.107379604056527,167.08118619464352
2015-03-19,70.16015007859266,-18.974398377564878,153.62656499453018
2015-03-20,81.2557700195153,-2.8377152607486997,165.7992849273004
2015-03-21,131.58341936207995,49.380367453709255,214.59465474421268
2015-03-22,84.60283231696307,1.0817304737943505,163.00083856677193
2015-03-23,54.37863955467688,-29.498427416503837,133.47699811487178
2015-03-24,49.57339813645224,-32.02880715919811,129.26822143377697
2015-03-25,71.22644577804971,-14.169475392152615,154.00351668877516
2015-03-26,53.05218288281103,-31.815811984734104,132.36277281560734
2015-03-27,62.23604149793427,-15.209890834398873,147.6024012693818
2015-03-28,111.1666959344896,26.645174956322972,196.2034718033488
2015-03-29,63.33045594631184,-21.3244504905051,149.9790475552698
2015-03-30,32.80652837811901,-53.93407365677247,115.03390504655799
2015-03-31,28.259789451910617,-53.53617120760855,113.46754606309104
2015-04-01,50.71963602777464,-35.678687603395566,130.98097980497653
2015-04-02,33.87851939969609,-42.9381365648819,114.26723059114619
2015-04-03,44.88841583162526,-36.21305067270548,128.89531292715156
2015-04-04,96.09377854075676,12.500150211674491,184.5813878228421
2015-04-05,50.92689721289904,-31.909189911250806,134.57864730580735
2015-04-06,23.404331501045558,-64.57603099294663,100.42988789670105
2015-04-07,22.121036985000075,-64.45727553048839,105.54292089439599
2015-04-08,48.030724446727895,-32.43365347504723,131.8918697469781
2015-04-09,34.74602525383898,-49.120088783587725,114.71568167967929
2015-04-10,49.33668357665312,-38.25857960450475,133.4955394640956
2015-04-11,104.06428468971177,17.760133174297664,190.87149488743196
2015-04-12,62.27940856728587,-24.611357923906517,148.92665680576042
2015-04-13,37.91983780773882,-46.91050366957038,118.76211542263037
2015-04-14,39.506401086546326,-41.255679884723975,124.48397680673553
2015-04-15,67.92495664287758,-20.315036554557427,151.574752795599
2015-04-16,56.72805392412044,-30.337012477433436,140.1962135543211
2015-04-17,72.93446186890917,-8.680032694955118,157.55271922819267
2015-04-18,128.76504394683624,44.054835673724476,215.945017920133
2015-04-19,87.54084378501895,5.417573198057451,174.51246540450032
2015-04-20,63.181989369150635,-17.89775175595128,156.8151081550607
2015-04-21,64.20398078606564,-14.641789147455196,149.50511256128755
2015-04-22,91.49985499359703,8.740172683826156,174.83828213513846
2015-04-23,78.64176022987803,-3.6693562936623683,159.15926404975477
2015-04-24,92.68012871394058,8.3081816115921,177.9460283776078
2015-04-25,145.87893366866504,58.89038131869265,230.66737508635458
2015-04-26,101.61290609409139,18.803159205564064,185.35006910408623
2015-04-27,73.86533636982936,-8.866402792684093,153.75808805214598
2015-04-28,71.2230479336948,-14.662313066560861,147.33409805627812
2015-04-29,94.65706356497094,14.676169145450542,182.5632379059877
2015-04-30,77.8225281567426,-2.739881421816369,157.60183835536398
2015-05-01,87.85611148816922,-0.9729489931957558,169.4860571749782
2015-05-02,137.12744276450863,57.59492310240208,222.46386874081205
2015-05-03,89.08035214130071,8.914722752251384,180.43685400267503
2015-05-04,57.78286534627601,-23.98765777468291,138.49579347807648
2015-05-05,51.90229996537717,-27.99345629115541,137.09770939279534
2015-05-06,72.48416467652308,-11.692201419582435,162.49495860468207
2015-05-07,53.250436552427246,-33.30953058128099,137.1164506597232
2015-05-08,61.395476794152174,-23.75729886606403,151.26615975211186
2015-05-09,109.31814226083377,24.20662189134198,192.44107784935764
2015-05-10,60.51603759981182,-25.027383613234633,148.76737737014236
2015-05-11,29.080598916981778,-52.08177354737413,110.31352286790323
2015-05-12,23.68965707728036,-58.411105037045616,103.23201512862767
2015-05-13,45.38605559610078,-40.18672032781908,127.84216074752321
2015-05-14,27.875933736196306,-58.10332259790596,108.31292103770761
2015-05-15,38.32493625900391,-52.62024767085489,117.4038081750477
2015-05-16,89.09090178800191,6.403562031130758,168.42729884447195
2015-05-17,43.61896277075972,-38.46298053715686,118.76556497006207
2015-05-18,15.937729955427887,-68.95880739646763,96.51545564796429
2015-05-19,14.653185632453187,-67.58705192952925,97.76612741949197
2015-05-20,40.72883142427025,-39.70905422812124,121.27739410731431
2015-05-21,27.785667394497437,-57.4104370555793,103.84369828927241
2015-05-22,42.90022613216665,-37.442471030756764,122.79222431111634
2015-05-23,98.33917291199587,17.168860234820773,184.8909150576668
2015-05-24,57.456361897539736,-23.78098785748799,134.66073034531965
2015-05-25,34.19097714073973,-50.433454134782785,112.91391558357206
2015-05-26,37.06333832481959,-41.64893960384906,121.75474388284643
2015-05-27,66.95687364506433,-23.588914600415197,143.5971120720225
2015-05-28,57.419795136502515,-21.227596063347907,143.5926153148798
2015-05-29,75.46466156203658,-4.945176053227646,155.43064561310402
2015-05-30,133.30430525403938,49.88056793150499,212.1107272991425
2015-05-31,94.24998285002748,10.062844996856294,175.9352421228389
2015-06-01,72.2613922642339,-14.128434239052098,147.62071044293347
2015-06-02,75.78992613254135,-10.62511509763704,165.23614938335783
2015-06-03,105.71403415832046,24.414624786603607,194.05012120422697
2015-06-04,95.58984210790413,14.962681348323857,177.19257392479128
2015-06-05,112.45040520691074,34.26941228721941,201.5993514717392
2015-06-06,168.54104255284201,79.11127942218255,253.1834716197645
2015-06-07,127.21662762988895,35.65742594974086,206.10660025595868
2015-06-08,102.43946054188049,20.265194692484005,192.06590671325267
2015-06-09,102.77431062275247,18.989131204682714,186.430370552324
2015-06-10,129.16915216924644,39.14506414761168,212.77150454557727
2015-06-11,115.25516012094921,31.082838115940046,200.88229445109917
2015-06-12,128.14419272401082,42.702604416862506,204.54284830846504
2015-06-13,180.16228889203984,100.25493554059939,260.96086882870435
2015-06-14,134.74509967424729,48.96853482903396,221.105508610321
2015-06-15,105.93392413320902,19.505531240708255,190.42424795583315
2015-06-16,102.36898222556204,18.35080850413262,187.85232054809688
2015-06-17,125.06848954044983,40.771884610411554,205.64672635942796
2015-06-18,107.72713995516733,19.487255889051468,187.05179959359066
2015-06-19,117.51225863948962,37.207096147105084,204.81336307362167
2015-06-20,166.79618379915658,86.6949582175856,250.2919265438436
2015-06-21,119.05082177376909,38.19474414500977,204.07271708484652
2015-06-22,88.34306490316523,5.990283974407454,166.13132746158664
2015-06-23,83.32771731230844,-6.7045135771117454,166.57940839327608
2015-06-24,105.02649917069684,24.389222880715607,188.35594693672982
2015-06-25,87.12673420838493,2.957868820177007,174.21000712858262
2015-06-26,96.77797471708176,6.436601152558146,177.97154600730278
2015-06-27,146.32510753136546,67.40643709077099,228.1809538099388
2015-06-28,99.20386441992737,5.472761788093144,184.00128167119362
2015-06-29,69.43739938407337,-14.596298024982609,153.66408865665318
2015-06-30,65.63054608712294,-15.638388835944735,142.81570071591545
2015-07-01,88.761224336266,0.20810752942757163,169.17286045761432
2015-07-02,72.44788868424936,-7.739412297365001,158.88916886297847
2015-07-03,83.78057660094034,1.5131354424339796,167.87047211950883
2015-07-04,135.04471229476442,50.611164593338984,219.82020776983407
2015-07-05,89.61821933852261,7.351242103425468,170.7263113872517
2015-07-06,61.46962856886981,-21.7591998385773,149.61275140067622
2015-07-07,59.153755120072084,-28.927484620505027,145.7566705523208
2015-07-08,83.5934428840454,-2.9984050602760997,159.46519895579485
2015-07-09,68.38090982926728,-10.578636935387978,152.2380362140371
2015-07-10,80.57687982324462,-7.409658933820222,165.67348906131116
2015-07-11,132.4459804089317,47.397482031015144,222.85175696653852
2015-07-12,87.3542721167465,7.251954253673229,170.48272519612405
2015-07-13,59.26752163997187,-27.685502696545033,148.13697679658532
2015-07-14,56.746790883501994,-22.765051650638103,138.58529061199067
2015-07-15,80.72984512380886,-5.547109808328803,164.53025111029027
2015-07-16,64.83192528157156,-13.000784461770838,142.96541902452896
2015-07-17,76.14408781563701,-8.655966573804823,159.5692658287861
2015-07-18,126.96761533448904,47.074483227283864,218.09642306221792
2015-07-19,80.71039227297862,-7.322274547289206,153.76873855692563
2015-07-20,51.383891062837286,-35.80271881810096,129.49501003820654
2015-07-21,47.59737731412936,-31.62600536786581,134.13638114699484
2015-07-22,70.33787617565753,-10.812890666977498,153.15928467343173
2015-07-23,53.26948514971835,-33.15687484604473,134.97421939418885
2015-07-24,63.53027739871746,-22.485098082626088,142.06457160286823
2015-07-25,113.4653383141925,28.000955662720656,195.83608820470894
2015-07-26,66.5218674426624,-21.394274406868547,152.57956658376978
2015-07-27,36.74502598575203,-48.402216312858755,122.28499235231318
2015-07-28,32.771169292242455,-45.946112663414624,118.1389488376546
2015-07-29,55.60703267343886,-27.388341723846736,142.13052288518674
2015-07-30,38.928502401830215,-43.04300053272131,122.4021499381405
2015-07-31,49.877101474691585,-29.652790764282198,136.57621443574288
2015-08-01,100.79299971043203,17.020884232146027,185.44171883819627
2015-08-02,55.110223658831636,-32.34660061157997,136.7481604409172
2015-08-03,26.852870932013765,-57.47337584639001,107.05150845212731
2015-08-04,24.628931250450048,-60.019560494053934,105.05084788388707
2015-08-05,49.4102651197578,-31.750300178654186,129.67444006922707
2015-08-06,34.83232309893403,-42.0083988334651,120.69647396070009
2015-08-07,47.99183640585411,-35.40967557415242,132.26584571817574
2015-08-08,101.18099777751627,17.692737428066984,185.68726068857055
2015-08-09,57.784030945282936,-27.99427739225449,138.43269369347536
2015-08-10,31.774786304815542,-46.764571425232184,113.96595397599249
2015-08-11,31.711951849453623,-57.40732255161045,118.61406023784089
2015-08-12,58.52039108186228,-24.00087406231463,142.6390708792198
2015-08-13,45.79215260570462,-40.62836445261388,129.87441985427873
2015-08-14,60.58534591635942,-20.056573269328478,145.0713822220165
2015-08-15,115.1593691052936,30.685764745512046,199.19177015284842
2015-08-16,72.87235760717171,-10.55604950141037,154.2093806951494
2015-08-17,47.67946710844011,-39.96162708285372,132.42296210917308
2015-08-18,48.12856069812791,-37.4833688363719,132.7358150057644
2015-08-19,75.14179897331294,-8.285722341467704,152.4294170500512
2015-08-20,62.316671167661504,-19.655620956926395,144.46474737168828
2015-08-21,76.72466172181188,-9.087877668332375,154.54189075812815
2015-08-22,130.64604446982023,44.51440892747,206.25354076771248
2015-08-23,87.46668638438359,1.4585784241424913,169.40812984560372
2015-08-24,61.175492828390205,-25.72185792202126,142.73798328176537
2015-08-25,60.359088693270046,-25.917707748599156,145.42946284253102
2015-08-26,85.9822632312637,5.185704969627306,167.1606351980567
2015-08-27,71.68774971465136,-9.521895742297197,151.53385679193642
2015-08-28,84.59357044661718,2.5802262910735116,171.22170790491492
2015-08-29,137.0265062378719,51.75874440095226,217.32368343704007
2015-08-30,92.417467260909,6.911895044408387,179.90312246862078
2015-08-31,64.79772430407183,-19.55376992396859,149.58572196993302
2015-09-01,62.79234423489167,-23.28389948918241,142.88060098221692
2015-09-02,87.39953683346096,5.844164717466137,168.04926162384547
2015-09-03,72.28948721348097,-11.168214858350604,160.784562681524
2015-09-04,84.60093197994831,0.33651855284612486,174.09101379020112
2015-09-05,136.67403195942364,48.82335475698933,226.84883370878134
2015-09-06,91.9454793174765,6.196201806468699,170.18089725071565
2015-09-07,64.44452046241551,-20.920805200109466,143.69230499021316
2015-09-08,62.78653073892187,-24.852520410900535,145.77100975646078
2015-09-09,87.95270127546698,3.5795526735399354,172.6289326540661
2015-09-10,73.58943166885949,-11.040387617745631,153.79639459200374
2015-09-11,86.80567087699282,3.8778185773738145,170.62172337208204
2015-09-12,139.90673738451392,48.798882375017634,224.08125725634306
2015-09-13,96.29052926934337,13.195970197153631,180.70775973205153
2015-09-14,69.94477372696471,-10.489503175161317,156.17214370066216
2015-09-15,69.44191643213591,-16.70658367255532,154.53286174820522
2015-09-16,95.7201726961329,10.978332542594556,183.1084534523622
2015-09-17,82.38429399137917,2.376322471884026,161.51220374601706
2015-09-18,96.50425153501081,10.923990106252976,178.38142670777071
2015-09-19,150.35032790108977,71.64846104291314,230.65864181070134
2015-09-20,107.29048893171513,27.80735767459981,190.87824648380584
2015-09-21,81.28864998965976,-5.091487985938597,165.15220791543925
2015-09-22,80.90040529290233,-2.2642591821245874,161.72494254410793
2015-09-23,107.05471546437091,20.16453090683411,185.97672195730678
2015-09-24,93.35508566031046,10.445437709214948,172.31028426961956
2015-09-25,106.87842102502135,20.482167431700226,184.55214820641143
2015-09-26,159.91004225920634,74.940719142413,249.1403679280791
2015-09-27,115.8407324327911,29.75619781214384,202.2184377072179
2015-09-28,88.67215773684818,4.433829824621636,174.30003257591164
2015-09-29,86.98863080170727,3.5933765663062127,170.1585192663965
2015-09-30,111.7609579171916,34.384357602451885,198.57140960690077
2015-10-01,96.63870225238473,12.132472760746847,176.12300817996044
2015-10-02,108.74769472967922,25.697401500676783,196.33067557256044
2015-10-03,160.42358919844608,81.4783934342899,249.06637668603184
2015-10-04,115.10737335805894,30.00064858995275,198.22673344988235
2015-10-05,86.84149853386694,4.7311525577491,170.83711905378004
2015-10-06,84.26325473121143,5.961797754413113,162.25192642399335
2015-10-07,108.3839508840046,26.05609189951167,190.22262410024135
2015-10-08,92.88750281426738,15.37110034958288,177.75512967229542
2015-10-09,104.92668928240087,22.010443089190293,189.8884856623285
2015-10-10,156.85563399642402,70.23844744025853,243.79459951908547
2015-10-11,112.12445918808562,26.507368837526187,194.57655961960535
2015-10-12,84.77480258704634,3.8013179373604435,170.6699032247272
2015-10-13,83.43284665751807,-0.8651210984679325,168.01165607809125
2015-10-14,109.08843547032194,30.507471772049403,195.23631269253409
2015-10-15,95.39388968121682,14.342770799486633,181.4720389546057
2015-10-16,109.46078013218259,23.346380441020454,197.71149110266055
2015-10-17,163.5932101598139,74.88814608693879,247.84179865746714
2015-10-18,121.18353660630888,35.30514805737451,203.2378078380193
2015-10-19,96.2091982527221,11.11940420553217,176.39771420551307
2015-10-20,97.22727043932906,14.557690389234619,179.6789212384391
2015-10-21,125.15528487818158,43.64202802388488,213.47831555309267
2015-10-22,113.57188337447967,22.72917210990077,198.2749996796449
2015-10-23,129.51551988459266,42.55758609925579,209.576497706081
2015-10-24,185.2197117261118,104.47311067970769,268.690119049048
2015-10-25,144.0107187624689,56.637905565877766,223.94216766419987
2015-10-26,119.80626752577038,36.95724057406872,206.21445789133188
2015-10-27,121.11188805913733,39.09088075409438,199.32660112670263
2015-10-28,148.80405059881136,67.49025906311873,229.02282202188545
2015-10-29,136.43014050368149,52.06055158236676,217.56166003014746
2015-10-30,151.01041484785983,62.76243024001551,235.06757072285944
2015-10-31,204.77343673514088,119.32004897907268,291.7135640109411
2015-11-01,161.05432280067706,76.80931335336489,242.18200583394096
2015-11-02,133.79370321552273,49.10958303716153,218.9558075576563
2015-11-03,131.5339494950731,46.561970353219415,213.09246620013874
2015-11-04,155.20115638296767,67.64210848907186,239.25179580738026
2015-11-05,138.40640602965942,53.63304657888682,218.5735084479986
2015-11-06,148.2445018259801,62.72043291952312,229.5443553359641
2015-11-07,197.0286599453455,117.06373178199385,278.9145314112758
2015-11-08,148.18703945483855,57.46228248117352,226.80873247042592
2015-11-09,115.75974493535978,29.087879261642822,195.40879628415155
2015-11-10,108.39290103960039,23.600365581261183,192.2105963400448
2015-11-11,127.1183348345661,46.14322212924941,209.17066888059315
2015-11-12,105.65244796043868,25.77857470442625,194.98594602804638
2015-11-13,111.19252272127082,28.332231664516026,190.27055820579912
2015-11-14,156.1490084503877,72.46259256442029,238.12714737900757
2015-11-15,104.03972741112709,14.988479685091058,191.77774581218415
2015-11-16,68.98469121406245,-10.509680642793043,156.9102857850287
2015-11-17,59.69818145157054,-21.551318055965158,139.81218569749566
2015-11-18,77.26668052611976,-3.6688538053985034,160.27847790337512
2015-11-19,55.44627942479973,-29.38229542835486,137.36989273342522
2015-11-20,61.457844728876296,-26.116831656868843,141.6357581190734
2015-11-21,107.71852185006775,26.354767124088113,199.35673322376348
2015-11-22,57.73553607222354,-27.676464930255477,142.16087463858474
2015-11-23,25.60099577703553,-54.969000402695485,113.37941098233017
2015-11-24,19.98435565840867,-64.66479789649736,107.34928892040615
2015-11-25,41.91112055247271,-45.13948577747952,122.86891806944723
2015-11-26,25.061401931938622,-64.58037389892631,105.05791483404404
2015-11-27,36.56845897966182,-39.735750464914034,121.32406891975408
2015-11-28,88.74640206726775,6.997987825550402,173.49193106365792
2015-11-29,44.991714000476044,-40.73928755521799,127.79891634606712
2015-11-30,19.278512756253406,-61.89261172886741,104.68049128069569
2015-12-01,20.153527852254186,-59.71129010249102,109.42902658304443
2015-12-02,48.51744056130124,-36.39821652375159,132.7661357433661
2015-12-03,37.92613986823491,-42.84312559119605,117.8948936144223
2015-12-04,55.390090868891505,-31.28525864655082,138.5546421873288
2015-12-05,113.11029829762766,30.302958998316132,194.36371044794066
2015-12-06,74.37672596146236,-10.845895798346579,157.6006923420233
2015-12-07,53.067771548301856,-35.10220082635333,141.08651471122846
2015-12-08,57.64734807742629,-29.038206705806303,144.2295648015537
2015-12-09,88.94804698138792,3.335964623835631,168.20865509270644
2015-12-10,80.47389263280698,-1.0242915936278163,165.35752418751696
2015-12-11,99.20085043790463,9.183970721235239,184.30785411937714
2015-12-12,157.31354491657618,69.72179612536199,234.6381010328715
2015-12-13,118.10403119554277,34.938815621803435,201.16382639069676
2015-12-14,95.4712113433781,6.938688179782994,176.0689031344709
2015-12-15,97.91744824937018,12.645174402513957,181.8283194290588
2015-12-16,126.33086288646692,37.81473767753582,212.9820182862895
2015-12-17,114.28684476219883,25.71454220371995,192.90920096156103
2015-12-18,128.8469663066133,46.231512877417934,212.1101919171905
2015-12-19,182.29379418469375,96.0887809679896,264.25226541411433
2015-12-20,138.02748458755374,55.546354938233065,218.26224529266457
2015-12-21,110.06280357118419,24.354568574399885,197.04236658235718
2015-12-22,107.02317962047726,20.07509017418457,189.6067387907072
2015-12-23,129.92033230254276,41.902937930391346,217.22516741860505
2015-12-24,112.45306702911111,29.120513033931736,198.34492097230674
2015-12-25,121.80348767379672,39.28915162125964,209.26451161844741
2015-12-26,170.36918041410092,82.5853876783718,259.4491349691576
2015-12-27,121.69267201139033,38.09620794670111,205.32234241896813
2015-12-28,89.85006968490481,1.475474506273137,174.5217297271634
2015-12-29,83.54911812508965,2.29570745298909,171.4819054694687
2015-12-30,103.8716843853152,25.365951924296354,194.6300347276404
2015-12-31,84.57108772474763,-0.6890442913287481,172.4630280611174
2016-01-01,92.8671989825857,11.206767188413075,175.300333844627
2016-01-02,141.17788535154568,56.14863810103571,227.7576778231714
2016-01-03,93.01275992165871,20.88100121679041,173.82579611118277
2016-01-04,62.467937246957206,-17.592331174536138,137.26306743196434
2016-01-05,58.21844889949337,-23.703080442324016,147.94178419397642
2016-01-06,81.29689530733773,-3.628743379771968,164.51777150048224
2016-01-07,65.39194136376058,-19.634679665759244,153.99629179609332
2016-01-08,77.64490979719227,-7.551023084240172,160.4423454061813
2016-01-09,130.383012767296,40.580402438641165,212.10191786160163
2016-01-10,87.01513950579441,1.1934461796682938,176.04189616814443
2016-01-11,61.5288545481162,-21.244105730323344,138.3422770051511
2016-01-12,62.48520976926372,-22.380044564291016,149.16128754339368
2016-01-13,90.79989290140506,8.227021436673246,166.77050357489904
2016-01-14,80.04426476311042,-9.108815270098527,163.71630331708835
2016-01-15,97.24448353885467,10.134342399263568,187.0800683352637
2016-01-16,154.61720177791338,71.2652829824398,239.26514422822567
2016-01-17,115.46770117442689,36.05499757458808,204.43102774712963
2016-01-18,93.68907011334329,15.5628447929648,176.48857769924425
2016-01-19,97.75898186134319,17.584376978327047,174.74125995328743
2016-01-20,128.52255592311744,44.25053177205627,204.53447863677263
2016-01-21,119.49482060858675,32.730599666573184,200.6538579510792
2016-01-22,137.66094761457202,56.80674402842231,213.6007679300151
2016-01-23,195.21272389007808,110.68503058721119,276.64769895498995
2016-01-24,155.44711293813342,72.68984343629846,236.90916985151918
2016-01-25,132.2655052734056,50.76033623216986,212.40793539572576
2016-01-26,134.23749189226726,52.678457267117466,222.8226424476251
2016-01-27,162.18128517484288,80.01110219027065,254.2468816612268
2016-01-28,149.66705819517819,69.6576288120919,238.52919158113613
2016-01-29,163.74866099466877,74.12817470953352,251.34898207643394
2016-01-30,216.69857677612924,134.60958092613103,305.3967575521196
2016-01-31,171.90473162819762,87.34779151844201,254.39247161085936
2016-02-01,143.36779702651242,68.25214513202975,230.88625408112532
2016-02-02,139.69558848241493,59.42324933750883,228.9257687669573
2016-02-03,161.8830984153999,75.99805101332569,245.63617515422507
2016-02-04,143.61174559422415,55.902949890362855,221.52075227262958
2016-02-05,152.04608347874913,66.38833944040556,236.21639096949102
2016-02-06,199.5665098690217,111.89368769030159,283.2482309323042
2016-02-07,149.66391103721682,66.15475840796888,228.58390143511525
2016-02-08,116.43492321335745,29.65606913593618,202.2226453348441
2016-02-09,108.57445517239907,29.31001502782065,188.07840021431832
2016-02-10,127.15404638576422,41.11924086208441,213.6529132275889
2016-02-11,105.91967477245595,28.82057138293549,188.63959810148336
2016-02-12,112.08728281934698,24.271568325258787,201.42672750153278
2016-02-13,158.07458521074273,73.3089195460626,249.04498703138364
2016-02-14,107.39510585012216,19.950334784582445,186.5329127369693
2016-02-15,74.15313563272689,-11.403061931678826,153.63686107126588
2016-02-16,67.03625692583527,-13.52614189749247,151.02859744698708
2016-02-17,87.0940052146085,2.9521248039337196,168.0272741239537
2016-02-18,68.03627191964557,-8.166195125009171,155.3312467895915
2016-02-19,77.02970140977013,-2.4720189442148546,159.91723122243584
2016-02-20,126.43062430258729,39.85096275143579,208.79340650879197
2016-02-21,79.68044909807944,0.03314079695442622,165.44781566022925
2016-02-22,50.80217346646576,-30.05570469493807,137.30475812332782
2016-02-23,48.39462758531321,-40.96108243334626,134.45404605206636
2016-02-24,73.41298360713728,-10.813093739659486,162.25885055465713
2016-02-25,59.46909684212786,-29.296600784395025,142.21072983798837
2016-02-26,73.62989199710668,-14.38569582878523,159.34856536465836
2016-02-27,128.15229641125154,40.83353151724047,216.1959325879868
2016-02-28,86.38060250757269,2.5834809363643076,174.82193915119038
2016-02-29,62.24488204415691,-21.247978621901623,148.61003797495553
2016-03-01,64.25702764597315,-22.523452768640976,143.6321913228341
2016-03-02,93.29292129669741,13.113744178026055,183.27888289609325
2016-03-03,82.8942641080751,-2.911462163697887,163.12164344963128
2016-03-04,100.06825313395044,14.380943375480083,188.27354638096145
2016-03-05,157.0235837715402,76.50914529168631,237.6843010825579
2016-03-06,117.06864113403665,35.00791190803597,205.13792409785844
2016-03-07,94.11048901872925,10.822728811227629,174.960559745237
2016-03-08,96.65122306802229,8.435400734157108,180.277936126176
2016-03-09,125.57018411500442,36.77247574192503,212.63433341962545
2016-03-10,114.42556754844588,29.983089805471995,195.90811006260066
2016-03-11,130.2536211136109,49.652712398061716,215.22960752140878
2016-03-12,185.30392129637318,100.7140510587365,273.7759776491948
2016-03-13,142.93660796987936,54.80882584249384,234.22930874026596
2016-03-14,117.12020657984495,32.244268829907234,202.15396387450292
2016-03-15,116.4266290400335,29.0703575852552,203.77681986193141
2016-03-16,141.81187734939482,53.39622766769054,225.01189902762658
2016-03-17,126.91601667068448,43.27901470706917,214.71160006827768
2016-03-18,138.8606434905028,54.35036494237669,227.04386265217335
2016-03-19,189.98237386186798,104.82470279103069,276.61837493638285
2016-03-20,143.72826725996066,57.9645622405598,226.65499484708687
2016-03-21,114.15185147818464,30.286358398180894,201.80936898647852
2016-03-22,109.90637552453137,24.908064966543773,195.93529973674947
2016-03-23,132.02384924509428,48.72049560913951,221.30998732725914
2016-03-24,114.2134694357776,25.99701531841059,198.51638929135737
2016-03-25,123.65768872310022,38.45529885231941,205.41769787604014
2016-03-26,172.74447995715724,86.70215769789114,260.073610037909
2016-03-27,124.96173592006079,37.94399613717897,213.02966406762243
2016-03-28,94.39249011473277,11.64498359821939,171.08534130689162
2016-03-29,89.707601591605,1.6668309557267942,173.2328898065005
2016-03-30,111.94447388066595,24.05610878399566,195.58143754932058
2016-03-31,94.80541422909262,2.1315657838874937,175.1826763333684
2016-04-01,105.45389082413269,23.62614674764013,190.06796209947828
2016-04-02,156.24723704553261,79.79475004813995,242.67532949904796
2016-04-03,110.63173380309672,28.286617555465575,192.91137994068717
2016-04-04,82.63874206949511,1.597315746857639,163.27032067251386
2016-04-05,80.87851023719244,-3.964268333454825,164.23587358398245
2016-04-06,106.32020370686628,24.635428565897843,189.56489193576087
2016-04-07,92.59173631914015,8.51964470865371,181.44214736572297
2016-04-08,106.77763131168513,25.40615475550571,186.4934894283894
2016-04-09,161.1534279970005,79.42385661941901,247.95522807775407
2016-04-10,119.08253016728115,31.97226373407124,199.92967529377182
2016-04-11,94.51413176423733,4.168516557856995,179.59460608847357
2016-04-12,95.9788070917742,14.959018389013213,173.18337193298942
2016-04-13,124.37027558678008,37.02001294626513,209.79952739246858
2016-04-14,113.24688411225114,29.46355937399453,199.94822186579952
2016-04-15,129.63099929150343,49.61789895106316,213.225351751779
2016-04-16,185.74479316664906,102.04546063512988,269.0306870000436
2016-04-17,144.90828820830066,60.146737224340455,224.37777746183423
2016-04-18,121.03827084546238,36.49164706318209,202.86267723248164
2016-04-19,122.64463861077527,35.09984356257695,209.82634995012467
2016-04-20,150.6126734401394,62.02357123273658,235.78508931341398
2016-04-21,138.50477173628002,55.77613401101818,218.44219711434053
2016-04-22,153.35981680603044,67.57538499746455,240.16116986528317
2016-04-23,207.4286756919373,121.0016559174404,288.89627462342435
2016-04-24,164.0716909070518,80.12014814891393,239.15332540848823
2016-04-25,137.25678642863895,52.90236622116483,227.20575145489644
2016-04-26,135.554768788282,51.582218006405164,222.05373420469937
2016-04-27,159.9203368168262,71.59427468234202,243.5486010336383
2016-04-28,143.99235654985011,57.12247430659379,229.9039731119206
2016-04-29,154.89161717627948,70.81018134352453,237.86270962673444
2016-04-30,204.9545840757291,123.00309487788408,287.25669260345285
2016-05-01,157.62905654383258,71.96388517058537,234.40948527887176
2016-05-02,126.97038891775165,46.95759993379346,209.99933924222722
2016-05-03,121.63489673885411,35.76935315196721,206.625099659562
2016-05-04,142.65900284891586,59.89162549444427,226.01626089341906
2016-05-05,123.75772090760026,35.33517644832729,206.79884514587445
2016-05-06,132.12073191399327,52.119364622398514,214.48963458051122
2016-05-07,180.1446073064352,88.8430978040475,262.60547440214054
2016-05-08,131.3271207284949,49.04737698274752,218.92081458379698
2016-05-09,99.76233782880098,16.543602928391028,184.8631233010616
2016-05-10,94.13313181625477,14.469961319624833,178.43105938563988
2016-05-11,115.48970056281499,33.66172205344124,202.30786993917616
2016-05-12,97.54769791724685,10.57654729287746,177.9262810112919
2016-05-13,107.48424388280567,25.469578185226464,196.77018718096693
2016-05-14,157.67036993156717,71.90180482913516,245.33784003300696
2016-05-15,111.56583776089032,25.369241531020588,193.91785594764397
2016-05-16,83.21501062738199,-4.174395754279779,160.62638430684044
2016-05-17,81.24040848117907,-2.688557035442172,166.96547448457963
2016-05-18,106.62250026125838,16.88878144870063,189.91447822555068
2016-05-19,92.99931812277399,8.161697524852372,176.38906227349796
2016-05-20,107.46412549939475,24.518814733441737,195.59565174053168
2016-05-21,162.2996583983703,79.52998565115773,247.7512678154972
2016-05-22,120.87483805084022,36.03125626032418,204.07188382977057
2016-05-23,97.1425914907697,11.234005943163329,181.52424539265317
2016-05-24,99.63536730606486,23.744938477223666,182.73090672564825
2016-05-25,129.2468555627899,49.86906321135988,209.98357532799577
2016-05-26,119.5334529546919,33.20553459910593,205.64781718649274
2016-05-27,137.51366304677066,55.428595566810216,219.81922372785365
2016-05-28,195.4039116453314,111.54722623389323,273.7910600598288
2016-05-29,156.51663967311913,75.9417614178939,240.6244660278031
2016-05-30,134.75927884772952,51.27099165268185,221.5259775730635
2016-05-31,138.6306713712225,51.0364860147517,222.54106933605783
2016-06-01,169.00342245841762,91.79291176129313,254.7677138260586
2016-06-02,159.42571295544167,80.30119459904068,238.88657517516694
2016-06-03,176.9207548274889,94.07492271906064,260.98173045329617
2016-06-04,233.72236935704996,150.3888603672617,325.00332653013305
2016-06-05,193.17255716150245,112.62438152741527,281.41939839749665
2016-06-06,169.21967882413028,88.76769084389505,259.78627449236063
2016-06-07,170.41382729405933,86.1746321990653,259.12650579309593
2016-06-08,197.68790680958392,116.7441611505515,280.92242097839164
2016-06-09,184.6579768747432,103.02014159001068,271.8538359282822
2016-06-10,198.42107994039947,113.07979516327094,278.64936634956166
2016-06-11,251.28907223130284,160.64459764526896,339.3563023816198
2016-06-12,206.6843691728842,120.76633994634032,289.1543354256972
2016-06-13,178.6362682817632,93.43052676503359,264.9651208009248
2016-06-14,175.7744753692279,87.02480424824503,265.749791701897
2016-06-15,199.10839304249916,118.21042555009892,281.14529120347265
2016-06-16,182.3257726941043,99.16659327532248,265.61447246894704
2016-06-17,192.58898868306636,101.73336430610726,276.5193282667165
2016-06-18,242.26749058664,154.46038907291555,326.5807864115957
2016-06-19,194.8323769111858,109.52086917346645,275.54556816656554
2016-06-20,164.35177976085998,80.81043515744149,246.186924323019
2016-06-21,159.48370700153197,74.11898268621218,243.79906511248768
2016-06-22,181.25491513033865,99.0904379054882,265.51527083470233
2016-06-23,163.35942147982166,76.86217657483313,245.43866455403736
2016-06-24,172.954914924582,85.79016010849188,259.5636115334986
2016-06-25,222.39561448692493,136.6349549768851,303.65815326982374
2016-06-26,175.1275059740841,95.59478472588019,261.7838644723149
2016-06-27,145.1846264867555,63.57293946277054,231.67592682236983
2016-06-28,141.18301779149877,59.792252168792075,223.45146303372516
2016-06-29,164.1008910188577,83.08417151651511,244.57053799592785
2016-06-30,147.5785761671649,65.72891889238463,228.81200156920218
2016-07-01,158.7164769580031,74.93378143392417,245.34591204312804
2016-07-02,209.80953935039295,123.48234519708625,290.21281568212856
2016-07-03,164.24412136952665,82.55927228085855,248.27143219581913
2016-07-04,135.99589132728045,55.17833622590274,219.19753067983493
2016-07-05,133.62533349803644,56.077822962783124,210.6910006205006
2016-07-06,158.05936370187192,78.4232315865927,240.56225824499776
2016-07-07,142.89259122761524,65.76705846096708,226.85267846108482
2016-07-08,155.18641451219017,74.69656567217082,239.13681418088294
2016-07-09,207.20443052175435,117.91321701580627,285.08370740853076
2016-07-10,162.31002263468628,78.79987112816269,245.97732756971402
2016-07-11,134.46473731526876,44.07988464309038,215.83238271050732
2016-07-12,132.2240183579812,49.26367372050721,218.02374712832992
2016-07-13,156.51879760096062,73.32559923389707,240.47163406775454
2016-07-14,140.95648179791704,57.76205280510633,221.8961320698175
2016-07-15,152.6195330005351,73.60331264668604,238.99564550356592
2016-07-16,203.80013873209555,121.26241163044865,289.4126995785571
2016-07-17,157.8968590037117,74.44523522906847,237.79302940425538
2016-07-18,128.91188802260703,46.69837500105443,214.79395775270564
2016-07-19,125.44553146717635,43.17651609145064,208.9664454613913
2016-07-20,148.47643397665757,67.7236797264843,233.36795431863482
2016-07-21,131.6611349643932,35.62614818591975,217.99743227150842
2016-07-22,142.13119014822303,62.96065832627573,221.18215979274066
2016-07-23,192.22639564771757,109.32630049378044,276.2233168455854
2016-07-24,145.39004168963436,60.10496562868482,228.38114990140863
2016-07-25,115.66487209879274,33.22869407922217,197.00537858450957
2016-07-26,111.68638606873866,30.228319575543388,202.72788495409762
2016-07-27,134.46204881495433,51.77650739123742,220.8290528796602
2016-07-28,117.67001664108727,34.21881011393956,197.70620819235438
2016-07-29,128.45563596475156,39.985554915056454,208.99782474537787
2016-07-30,179.16426944550489,97.1592698397653,262.706531389223
2016-07-31,133.23638626171513,48.86619378906623,215.26235591792133
2016-08-01,104.70359616487636,17.305371097230854,188.5249520250046
2016-08-02,102.18226063894033,22.75144335158131,186.36762510502882
2016-08-03,126.65323807850639,43.38523711331719,208.05121699810712
2016-08-04,111.76135258938743,26.581294000576747,194.39758216278958
2016-08-05,124.61282426035628,42.91538666369666,209.33231746988193
2016-08-06,177.5091871809146,96.48487536747747,261.10218086052026
2016-08-07,133.84360098117943,54.34767761658547,217.99567763181602
2016-08-08,107.59820072605734,26.947549098824435,194.60589522928916
2016-08-09,107.33908114180375,17.991041459417026,182.9044708590427
2016-08-10,133.99743323328076,49.71892755383784,217.43391520259166
2016-08-11,121.17038362377376,41.84147280176983,201.35511709027142
2016-08-12,135.91973587286304,49.62156437721632,221.95177001646712
2016-08-13,190.50710321042666,107.97906358284062,277.92561165651045
2016-08-14,148.2913044170852,62.52092083050559,230.13047930598142
2016-08-15,123.22663737514603,37.082790198675596,203.2115140899166
2016-08-16,123.858600546741,35.56591800439871,205.79121049963933
2016-08-17,151.10556002320982,71.17931364270207,231.78735011381556
2016-08-18,138.5598979419099,54.37380290672344,214.54661508583163
2016-08-19,153.28683326884962,69.0837659050845,234.61604645132869
2016-08-20,207.5594026522714,128.06812815853104,290.4709119247019
2016-08-21,164.75547790095013,79.40768225444609,244.2360435027684
2016-08-22,138.8554458665135,55.718736518346034,214.8248400488472
2016-08-23,138.4371383531949,53.01699572862425,222.57307525121934
2016-08-24,164.4565326905775,78.28602037268689,244.7089573755126
2016-08-25,150.54778673184293,68.57557678523992,232.20165600562132
2016-08-26,163.82083143394453,80.82053502456588,243.32420636545376
2016-08-27,216.5950441602805,135.5712854637541,301.6033683578008
2016-08-28,172.29491697921455,89.66135702870436,252.43449154256993
2016-08-29,144.94638466567642,62.09923876070009,227.49069976564272
2016-08-30,143.17043906790036,56.85014894837733,230.64744713727373
